[
    {
        "external_id": "TA0040",
        "url": "https://attack.mitre.org/tactics/TA0040",
        "tactic": "Impact"
    },
    {
        "external_id": "TA0009",
        "url": "https://attack.mitre.org/tactics/TA0009",
        "tactic": "Collection"
    },
    {
        "external_id": "TA0011",
        "url": "https://attack.mitre.org/tactics/TA0011",
        "tactic": "Command and Control"
    },
    {
        "external_id": "TA0006",
        "url": "https://attack.mitre.org/tactics/TA0006",
        "tactic": "Credential Access"
    },
    {
        "external_id": "TA0007",
        "url": "https://attack.mitre.org/tactics/TA0007",
        "tactic": "Discovery"
    },
    {
        "external_id": "TA0005",
        "url": "https://attack.mitre.org/tactics/TA0005",
        "tactic": "Defense Evasion"
    },
    {
        "external_id": "TA0010",
        "url": "https://attack.mitre.org/tactics/TA0010",
        "tactic": "Exfiltration"
    },
    {
        "external_id": "TA0002",
        "url": "https://attack.mitre.org/tactics/TA0002",
        "tactic": "Execution"
    },
    {
        "external_id": "TA0008",
        "url": "https://attack.mitre.org/tactics/TA0008",
        "tactic": "Lateral Movement"
    },
    {
        "external_id": "TA0003",
        "url": "https://attack.mitre.org/tactics/TA0003",
        "tactic": "Persistence"
    },
    {
        "external_id": "TA0004",
        "url": "https://attack.mitre.org/tactics/TA0004",
        "tactic": "Privilege Escalation"
    },
    {
        "external_id": "TA0001",
        "url": "https://attack.mitre.org/tactics/TA0001",
        "tactic": "Initial Access"
    },
    {
        "external_id": "TA0020",
        "url": "https://attack.mitre.org/tactics/TA0020",
        "tactic": "Organizational Weakness Identification"
    },
    {
        "external_id": "TA0012",
        "url": "https://attack.mitre.org/tactics/TA0012",
        "tactic": "Priority Definition Planning"
    },
    {
        "external_id": "TA0025",
        "url": "https://attack.mitre.org/tactics/TA0025",
        "tactic": "Test Capabilities"
    },
    {
        "external_id": "TA0017",
        "url": "https://attack.mitre.org/tactics/TA0017",
        "tactic": "Organizational Information Gathering"
    },
    {
        "external_id": "TA0013",
        "url": "https://attack.mitre.org/tactics/TA0013",
        "tactic": "Priority Definition Direction"
    },
    {
        "external_id": "TA0018",
        "url": "https://attack.mitre.org/tactics/TA0018",
        "tactic": "Technical Weakness Identification"
    },
    {
        "external_id": "TA0022",
        "url": "https://attack.mitre.org/tactics/TA0022",
        "tactic": "Establish & Maintain Infrastructure"
    },
    {
        "external_id": "TA0023",
        "url": "https://attack.mitre.org/tactics/TA0023",
        "tactic": "Persona Development"
    },
    {
        "external_id": "TA0015",
        "url": "https://attack.mitre.org/tactics/TA0015",
        "tactic": "Technical Information Gathering"
    },
    {
        "external_id": "TA0021",
        "url": "https://attack.mitre.org/tactics/TA0021",
        "tactic": "Adversary OPSEC"
    },
    {
        "external_id": "TA0016",
        "url": "https://attack.mitre.org/tactics/TA0016",
        "tactic": "People Information Gathering"
    },
    {
        "external_id": "TA0026",
        "url": "https://attack.mitre.org/tactics/TA0026",
        "tactic": "Stage Capabilities"
    },
    {
        "external_id": "TA0024",
        "url": "https://attack.mitre.org/tactics/TA0024",
        "tactic": "Build Capabilities"
    },
    {
        "external_id": "TA0019",
        "url": "https://attack.mitre.org/tactics/TA0019",
        "tactic": "People Weakness Identification"
    },
    {
        "external_id": "TA0014",
        "url": "https://attack.mitre.org/tactics/TA0014",
        "tactic": "Target Selection"
    },
    {
        "external_id": "TA0035",
        "url": "https://attack.mitre.org/tactics/TA0035",
        "tactic": "Collection"
    },
    {
        "external_id": "TA0036",
        "url": "https://attack.mitre.org/tactics/TA0036",
        "tactic": "Exfiltration"
    },
    {
        "external_id": "TA0028",
        "url": "https://attack.mitre.org/tactics/TA0028",
        "tactic": "Persistence"
    },
    {
        "external_id": "TA0032",
        "url": "https://attack.mitre.org/tactics/TA0032",
        "tactic": "Discovery"
    },
    {
        "external_id": "TA0038",
        "url": "https://attack.mitre.org/tactics/TA0038",
        "tactic": "Network Effects"
    },
    {
        "external_id": "TA0030",
        "url": "https://attack.mitre.org/tactics/TA0030",
        "tactic": "Defense Evasion"
    },
    {
        "external_id": "TA0033",
        "url": "https://attack.mitre.org/tactics/TA0033",
        "tactic": "Lateral Movement"
    },
    {
        "external_id": "TA0031",
        "url": "https://attack.mitre.org/tactics/TA0031",
        "tactic": "Credential Access"
    },
    {
        "external_id": "TA0027",
        "url": "https://attack.mitre.org/tactics/TA0027",
        "tactic": "Initial Access"
    },
    {
        "external_id": "TA0039",
        "url": "https://attack.mitre.org/tactics/TA0039",
        "tactic": "Remote Service Effects"
    },
    {
        "external_id": "TA0037",
        "url": "https://attack.mitre.org/tactics/TA0037",
        "tactic": "Command and Control"
    },
    {
        "external_id": "TA0034",
        "url": "https://attack.mitre.org/tactics/TA0034",
        "tactic": "Impact"
    },
    {
        "external_id": "TA0029",
        "url": "https://attack.mitre.org/tactics/TA0029",
        "tactic": "Privilege Escalation"
    }
]